Risk_ID,Risk_Category,Risk_Title,Description,Probability,Impact_Level,Impact_Value_M,Risk_Score,Mitigation_Strategy,Mitigation_Actions,Owner,Status,Identified_Date,Target_Resolution,Last_Review,Trend,Escalate_To_Executive
RISK-001,Supply,Single Source Dependency - Component XYZ,Critical component sourced from single supplier with no qualified alternative,High,High,2.5,9,Supplier diversification,Qualify secondary supplier; maintain buffer stock,Mike Chen,Active,2025-09-15,2026-07-01,2026-01-15,Improving,No
RISK-002,Market,Competitive Price Pressure,Major competitor announced 5% price reduction in key market segment,Medium,High,1.8,6,Value differentiation,Enhance service offering; targeted promotions for at-risk accounts,David Lee,Active,2025-11-01,Ongoing,2026-01-15,Stable,Yes
RISK-003,Demand,Key Customer Volume Decline,Top 3 customer indicated potential 20% volume reduction due to their market challenges,Medium,High,3.2,6,Customer engagement,Executive engagement; explore new applications; diversify customer base,Sales VP,Active,2025-12-01,2026-03-31,2026-01-15,Worsening,Yes
RISK-004,Supply,Capacity Constraint Q3,Projected demand exceeds capacity by 12% in Q3 peak period,High,Medium,1.5,6,Capacity expansion,Authorize overtime; evaluate outsourcing options; customer demand shaping,John Smith,Active,2025-10-15,2026-06-01,2026-01-15,Improving,No
RISK-005,Financial,Currency Exposure EUR,20% of revenue in EUR with unfavorable exchange rate trend,Medium,Medium,0.8,4,Hedging program,Increase hedge coverage to 80%; pricing adjustments where possible,CFO,Active,2025-08-01,Ongoing,2026-01-15,Stable,No
RISK-006,Operational,Key Personnel Dependency,Critical knowledge concentrated in 3 individuals with retirement eligibility,Medium,Medium,0.5,4,Knowledge transfer,Documentation program; cross-training; succession planning,HR Director,Active,2025-07-01,2026-12-31,2026-01-15,Improving,No
RISK-007,Technology,Legacy System Obsolescence,ERP system approaching end of vendor support in 18 months,Low,High,2.0,3,System upgrade,Initiate upgrade project; secure extended support agreement,CIO,Active,2025-06-01,2027-06-30,2026-01-15,Stable,No
RISK-008,Regulatory,New Environmental Regulations,Pending regulations may require packaging material changes,Medium,Medium,1.2,4,Compliance preparation,Monitor regulatory developments; R&D on alternative materials,Regulatory Affairs,Monitoring,2025-09-01,2027-01-01,2026-01-15,Stable,No
RISK-009,Quality,Supplier Quality Issues,Increased defect rate from Supplier C affecting production yield,High,Medium,0.6,6,Quality improvement,Supplier corrective action; increased inspection; alternative source evaluation,Quality Director,Active,2025-12-15,2026-03-31,2026-01-15,Worsening,No
RISK-010,Market,Economic Downturn Risk,Macroeconomic indicators suggest potential recession in H2,Low,High,4.0,3,Scenario planning,Develop downside scenario; identify cost reduction levers; maintain liquidity,CFO,Monitoring,2025-11-15,Ongoing,2026-01-15,Stable,No
