ROLLING FORECAST TEMPLATE,,,,,,,,,,,,,
,,,,,,,,,,,,,
Instructions: Maintain 24-month rolling financial forecast aligned with IBP operating plan. Update monthly.,,,,,,,,,,,,,
,,,,,,,,,,,,,
ROLLING FORECAST SUMMARY,,,,,,,,,,,,,
Metric,M1,M2,M3,Q1,M4,M5,M6,Q2,H1,Q3,Q4,H2,Full Year
Net Revenue ($M),,,,,,,,,,,,,,
YoY Growth %,,,,,,,,,,,,,,
Gross Margin ($M),,,,,,,,,,,,,,
Gross Margin %,,,,,,,,,,,,,,
Operating Income ($M),,,,,,,,,,,,,,
Operating Margin %,,,,,,,,,,,,,,
,,,,,,,,,,,,,
REVENUE FORECAST BY PRODUCT FAMILY,,,,,,,,,,,,,
Product Family,M1,M2,M3,Q1,M4,M5,M6,Q2,H1,Q3,Q4,H2,Full Year
Family A,,,,,,,,,,,,,,
Family B,,,,,,,,,,,,,,
Family C,,,,,,,,,,,,,,
Family D,,,,,,,,,,,,,,
Family E,,,,,,,,,,,,,,
TOTAL REVENUE,,,,,,,,,,,,,,
,,,,,,,,,,,,,
REVENUE FORECAST BY REGION,,,,,,,,,,,,,
Region,M1,M2,M3,Q1,M4,M5,M6,Q2,H1,Q3,Q4,H2,Full Year
North America,,,,,,,,,,,,,,
Europe,,,,,,,,,,,,,,
Asia Pacific,,,,,,,,,,,,,,
Latin America,,,,,,,,,,,,,,
MEA,,,,,,,,,,,,,,
TOTAL REVENUE,,,,,,,,,,,,,,
,,,,,,,,,,,,,
GROSS MARGIN FORECAST,,,,,,,,,,,,,
Component,M1,M2,M3,Q1,M4,M5,M6,Q2,H1,Q3,Q4,H2,Full Year
Net Revenue,,,,,,,,,,,,,,
Material Cost,,,,,,,,,,,,,,
Labor Cost,,,,,,,,,,,,,,
Manufacturing Overhead,,,,,,,,,,,,,,
Total COGS,,,,,,,,,,,,,,
GROSS MARGIN ($M),,,,,,,,,,,,,,
GROSS MARGIN %,,,,,,,,,,,,,,
,,,,,,,,,,,,,
OPERATING EXPENSE FORECAST,,,,,,,,,,,,,
Category,M1,M2,M3,Q1,M4,M5,M6,Q2,H1,Q3,Q4,H2,Full Year
Sales & Marketing,,,,,,,,,,,,,,
General & Administrative,,,,,,,,,,,,,,
Research & Development,,,,,,,,,,,,,,
Other Operating Expense,,,,,,,,,,,,,,
TOTAL OPEX,,,,,,,,,,,,,,
,,,,,,,,,,,,,
OPERATING INCOME FORECAST,,,,,,,,,,,,,
Line Item,M1,M2,M3,Q1,M4,M5,M6,Q2,H1,Q3,Q4,H2,Full Year
Gross Margin,,,,,,,,,,,,,,
- Total OpEx,,,,,,,,,,,,,,
OPERATING INCOME,,,,,,,,,,,,,,
OPERATING MARGIN %,,,,,,,,,,,,,,
,,,,,,,,,,,,,
FORECAST VS BUDGET COMPARISON,,,,,,,,,,,,,
Metric,Q1 Fcst,Q1 Budget,Var,Q2 Fcst,Q2 Budget,Var,H1 Fcst,H1 Budget,Var,FY Fcst,FY Budget,Var
Revenue ($M),,,,,,,,,,,,,,
Gross Margin %,,,,,,,,,,,,,,
Operating Income ($M),,,,,,,,,,,,,,
,,,,,,,,,,,,,
FORECAST VS PRIOR YEAR,,,,,,,,,,,,,
Metric,Q1 Fcst,Q1 PY,YoY %,Q2 Fcst,Q2 PY,YoY %,FY Fcst,FY PY,YoY %
Revenue ($M),,,,,,,,,,
Gross Margin %,,,,,,,,,,
Operating Income ($M),,,,,,,,,,
,,,,,,,,,,,,,
FORECAST CHANGE LOG,,,,,,,,,,,,,
Date,Metric,Prior Forecast,New Forecast,Change,Change %,Reason,Approved By
Revenue FY,,,,,,,,
Revenue FY,,,,,,,,
GM% FY,,,,,,,,
,,,,,,,,,,,,,
KEY ASSUMPTIONS,,,,,,,,,,,,,
Category,Assumption,Value,Prior Value,Change,Impact ($M),Confidence,Review Date
Volume,,,,,,"High/Med/Low",
Pricing,,,,,,"High/Med/Low",
Material Cost,,,,,,"High/Med/Low",
FX Rates,,,,,,"High/Med/Low",
Headcount,,,,,,"High/Med/Low",
,,,,,,,,,,,,,
SCENARIO FORECASTS,,,,,,,,,,,,,
Scenario,Q1,Q2,H1,Q3,Q4,H2,Full Year,vs Base,Probability
Base Case - Revenue,,,,,,,,,-,50%
Upside - Revenue,,,,,,,,,+X%,25%
Downside - Revenue,,,,,,,,,-X%,25%
Base Case - Op Income,,,,,,,,,-,
Upside - Op Income,,,,,,,,,+X%,
Downside - Op Income,,,,,,,,,-X%,
,,,,,,,,,,,,,
YEAR 2 OUTLOOK (Next Fiscal Year),,,,,,,,,,,,,
Metric,Q1,Q2,H1,Q3,Q4,H2,Full Year,YoY Growth
Revenue ($M),,,,,,,,
Gross Margin %,,,,,,,,
Operating Income ($M),,,,,,,,